id,category,severity,status,evidence,owner,issue_url
0001,Startup and stability,UNTRIAGED,UNASSESSED,,,
0002,Startup and stability,UNTRIAGED,UNASSESSED,,,
0003,Startup and stability,UNTRIAGED,UNASSESSED,,,
0004,Startup and stability,UNTRIAGED,UNASSESSED,,,
0005,Startup and stability,UNTRIAGED,UNASSESSED,,,
0006,Startup and stability,UNTRIAGED,UNASSESSED,,,
0007,Startup and stability,UNTRIAGED,UNASSESSED,,,
0008,Startup and stability,UNTRIAGED,UNASSESSED,,,
0009,Startup and stability,UNTRIAGED,UNASSESSED,,,
0010,Startup and stability,UNTRIAGED,UNASSESSED,,,
0011,Startup and stability,UNTRIAGED,UNASSESSED,,,
0012,Startup and stability,UNTRIAGED,UNASSESSED,,,
0013,Startup and stability,UNTRIAGED,UNASSESSED,,,
0014,Startup and stability,UNTRIAGED,UNASSESSED,,,
0015,Startup and stability,UNTRIAGED,UNASSESSED,,,
0016,Startup and stability,UNTRIAGED,UNASSESSED,,,
0017,Startup and stability,UNTRIAGED,UNASSESSED,,,
0018,Startup and stability,UNTRIAGED,UNASSESSED,,,
0019,Startup and stability,UNTRIAGED,UNASSESSED,,,
0020,Startup and stability,UNTRIAGED,UNASSESSED,,,
0021,Startup and stability,UNTRIAGED,UNASSESSED,,,
0022,Startup and stability,UNTRIAGED,UNASSESSED,,,
0023,Startup and stability,UNTRIAGED,UNASSESSED,,,
0024,Startup and stability,UNTRIAGED,UNASSESSED,,,
0025,Startup and stability,UNTRIAGED,UNASSESSED,,,
0026,Startup and stability,UNTRIAGED,UNASSESSED,,,
0027,Startup and stability,UNTRIAGED,UNASSESSED,,,
0028,Startup and stability,UNTRIAGED,UNASSESSED,,,
0029,Startup and stability,UNTRIAGED,UNASSESSED,,,
0030,Startup and stability,UNTRIAGED,UNASSESSED,,,
0031,Startup and stability,UNTRIAGED,UNASSESSED,,,
0032,Startup and stability,UNTRIAGED,UNASSESSED,,,
0033,Startup and stability,UNTRIAGED,UNASSESSED,,,
0034,Startup and stability,UNTRIAGED,UNASSESSED,,,
0035,Startup and stability,UNTRIAGED,UNASSESSED,,,
0036,Startup and stability,UNTRIAGED,UNASSESSED,,,
0037,Startup and stability,UNTRIAGED,UNASSESSED,,,
0038,Startup and stability,UNTRIAGED,UNASSESSED,,,
0039,Startup and stability,UNTRIAGED,UNASSESSED,,,
0040,Startup and stability,UNTRIAGED,UNASSESSED,,,
0041,Startup and stability,UNTRIAGED,UNASSESSED,,,
0042,Startup and stability,UNTRIAGED,UNASSESSED,,,
0043,Startup and stability,UNTRIAGED,UNASSESSED,,,
0044,Startup and stability,UNTRIAGED,UNASSESSED,,,
0045,Startup and stability,UNTRIAGED,UNASSESSED,,,
0046,Startup and stability,UNTRIAGED,UNASSESSED,,,
0047,Startup and stability,UNTRIAGED,UNASSESSED,,,
0048,Startup and stability,UNTRIAGED,UNASSESSED,,,
0049,Startup and stability,UNTRIAGED,UNASSESSED,,,
0050,Startup and stability,UNTRIAGED,UNASSESSED,,,
0051,World coordinates,UNTRIAGED,UNASSESSED,,,
0052,World coordinates,UNTRIAGED,UNASSESSED,,,
0053,World coordinates,UNTRIAGED,UNASSESSED,,,
0054,World coordinates,UNTRIAGED,UNASSESSED,,,
0055,World coordinates,UNTRIAGED,UNASSESSED,,,
0056,World coordinates,UNTRIAGED,UNASSESSED,,,
0057,World coordinates,UNTRIAGED,UNASSESSED,,,
0058,World coordinates,UNTRIAGED,UNASSESSED,,,
0059,World coordinates,UNTRIAGED,UNASSESSED,,,
0060,World coordinates,UNTRIAGED,UNASSESSED,,,
0061,World coordinates,UNTRIAGED,UNASSESSED,,,
0062,World coordinates,UNTRIAGED,UNASSESSED,,,
0063,World coordinates,UNTRIAGED,UNASSESSED,,,
0064,World coordinates,UNTRIAGED,UNASSESSED,,,
0065,World coordinates,UNTRIAGED,UNASSESSED,,,
0066,World coordinates,UNTRIAGED,UNASSESSED,,,
0067,World coordinates,UNTRIAGED,UNASSESSED,,,
0068,World coordinates,UNTRIAGED,UNASSESSED,,,
0069,World coordinates,UNTRIAGED,UNASSESSED,,,
0070,World coordinates,UNTRIAGED,UNASSESSED,,,
0071,World coordinates,UNTRIAGED,UNASSESSED,,,
0072,World coordinates,UNTRIAGED,UNASSESSED,,,
0073,World coordinates,UNTRIAGED,UNASSESSED,,,
0074,World coordinates,UNTRIAGED,UNASSESSED,,,
0075,World coordinates,UNTRIAGED,UNASSESSED,,,
0076,World coordinates,UNTRIAGED,UNASSESSED,,,
0077,World coordinates,UNTRIAGED,UNASSESSED,,,
0078,World coordinates,UNTRIAGED,UNASSESSED,,,
0079,World coordinates,UNTRIAGED,UNASSESSED,,,
0080,World coordinates,UNTRIAGED,UNASSESSED,,,
0081,World coordinates,UNTRIAGED,UNASSESSED,,,
0082,World coordinates,UNTRIAGED,UNASSESSED,,,
0083,World coordinates,UNTRIAGED,UNASSESSED,,,
0084,World coordinates,UNTRIAGED,UNASSESSED,,,
0085,World coordinates,UNTRIAGED,UNASSESSED,,,
0086,World coordinates,UNTRIAGED,UNASSESSED,,,
0087,World coordinates,UNTRIAGED,UNASSESSED,,,
0088,World coordinates,UNTRIAGED,UNASSESSED,,,
0089,World coordinates,UNTRIAGED,UNASSESSED,,,
0090,World coordinates,UNTRIAGED,UNASSESSED,,,
0091,World coordinates,UNTRIAGED,UNASSESSED,,,
0092,World coordinates,UNTRIAGED,UNASSESSED,,,
0093,World coordinates,UNTRIAGED,UNASSESSED,,,
0094,World coordinates,UNTRIAGED,UNASSESSED,,,
0095,World coordinates,UNTRIAGED,UNASSESSED,,,
0096,World coordinates,UNTRIAGED,UNASSESSED,,,
0097,World coordinates,UNTRIAGED,UNASSESSED,,,
0098,World coordinates,UNTRIAGED,UNASSESSED,,,
0099,World coordinates,UNTRIAGED,UNASSESSED,,,
0100,World coordinates,UNTRIAGED,UNASSESSED,,,
0101,Buildings and materials,UNTRIAGED,UNASSESSED,,,
0102,Buildings and materials,UNTRIAGED,UNASSESSED,,,
0103,Buildings and materials,UNTRIAGED,UNASSESSED,,,
0104,Buildings and materials,UNTRIAGED,UNASSESSED,,,
0105,Buildings and materials,UNTRIAGED,UNASSESSED,,,
0106,Buildings and materials,UNTRIAGED,UNASSESSED,,,
0107,Buildings and materials,UNTRIAGED,UNASSESSED,,,
0108,Buildings and materials,UNTRIAGED,UNASSESSED,,,
0109,Buildings and materials,UNTRIAGED,UNASSESSED,,,
0110,Buildings and materials,UNTRIAGED,UNASSESSED,,,
0111,Buildings and materials,UNTRIAGED,UNASSESSED,,,
0112,Buildings and materials,UNTRIAGED,UNASSESSED,,,
0113,Buildings and materials,UNTRIAGED,UNASSESSED,,,
0114,Buildings and materials,UNTRIAGED,UNASSESSED,,,
0115,Buildings and materials,UNTRIAGED,UNASSESSED,,,
0116,Buildings and materials,UNTRIAGED,UNASSESSED,,,
0117,Buildings and materials,UNTRIAGED,UNASSESSED,,,
0118,Buildings and materials,UNTRIAGED,UNASSESSED,,,
0119,Buildings and materials,UNTRIAGED,UNASSESSED,,,
0120,Buildings and materials,UNTRIAGED,UNASSESSED,,,
0121,Buildings and materials,UNTRIAGED,UNASSESSED,,,
0122,Buildings and materials,UNTRIAGED,UNASSESSED,,,
0123,Buildings and materials,UNTRIAGED,UNASSESSED,,,
0124,Buildings and materials,UNTRIAGED,UNASSESSED,,,
0125,Buildings and materials,UNTRIAGED,UNASSESSED,,,
0126,Buildings and materials,UNTRIAGED,UNASSESSED,,,
0127,Buildings and materials,UNTRIAGED,UNASSESSED,,,
0128,Buildings and materials,UNTRIAGED,UNASSESSED,,,
0129,Buildings and materials,UNTRIAGED,UNASSESSED,,,
0130,Buildings and materials,UNTRIAGED,UNASSESSED,,,
0131,Buildings and materials,UNTRIAGED,UNASSESSED,,,
0132,Buildings and materials,UNTRIAGED,UNASSESSED,,,
0133,Buildings and materials,UNTRIAGED,UNASSESSED,,,
0134,Buildings and materials,UNTRIAGED,UNASSESSED,,,
0135,Buildings and materials,UNTRIAGED,UNASSESSED,,,
0136,Buildings and materials,UNTRIAGED,UNASSESSED,,,
0137,Buildings and materials,UNTRIAGED,UNASSESSED,,,
0138,Buildings and materials,UNTRIAGED,UNASSESSED,,,
0139,Buildings and materials,UNTRIAGED,UNASSESSED,,,
0140,Buildings and materials,UNTRIAGED,UNASSESSED,,,
0141,Buildings and materials,UNTRIAGED,UNASSESSED,,,
0142,Buildings and materials,UNTRIAGED,UNASSESSED,,,
0143,Buildings and materials,UNTRIAGED,UNASSESSED,,,
0144,Buildings and materials,UNTRIAGED,UNASSESSED,,,
0145,Buildings and materials,UNTRIAGED,UNASSESSED,,,
0146,Buildings and materials,UNTRIAGED,UNASSESSED,,,
0147,Buildings and materials,UNTRIAGED,UNASSESSED,,,
0148,Buildings and materials,UNTRIAGED,UNASSESSED,,,
0149,Buildings and materials,UNTRIAGED,UNASSESSED,,,
0150,Buildings and materials,UNTRIAGED,UNASSESSED,,,
0151,Streaming and memory,UNTRIAGED,UNASSESSED,,,
0152,Streaming and memory,UNTRIAGED,UNASSESSED,,,
0153,Streaming and memory,UNTRIAGED,UNASSESSED,,,
0154,Streaming and memory,UNTRIAGED,UNASSESSED,,,
0155,Streaming and memory,UNTRIAGED,UNASSESSED,,,
0156,Streaming and memory,UNTRIAGED,UNASSESSED,,,
0157,Streaming and memory,UNTRIAGED,UNASSESSED,,,
0158,Streaming and memory,UNTRIAGED,UNASSESSED,,,
0159,Streaming and memory,UNTRIAGED,UNASSESSED,,,
0160,Streaming and memory,UNTRIAGED,UNASSESSED,,,
0161,Streaming and memory,UNTRIAGED,UNASSESSED,,,
0162,Streaming and memory,UNTRIAGED,UNASSESSED,,,
0163,Streaming and memory,UNTRIAGED,UNASSESSED,,,
0164,Streaming and memory,UNTRIAGED,UNASSESSED,,,
0165,Streaming and memory,UNTRIAGED,UNASSESSED,,,
0166,Streaming and memory,UNTRIAGED,UNASSESSED,,,
0167,Streaming and memory,UNTRIAGED,UNASSESSED,,,
0168,Streaming and memory,UNTRIAGED,UNASSESSED,,,
0169,Streaming and memory,UNTRIAGED,UNASSESSED,,,
0170,Streaming and memory,UNTRIAGED,UNASSESSED,,,
0171,Streaming and memory,UNTRIAGED,UNASSESSED,,,
0172,Streaming and memory,UNTRIAGED,UNASSESSED,,,
0173,Streaming and memory,UNTRIAGED,UNASSESSED,,,
0174,Streaming and memory,UNTRIAGED,UNASSESSED,,,
0175,Streaming and memory,UNTRIAGED,UNASSESSED,,,
0176,Streaming and memory,UNTRIAGED,UNASSESSED,,,
0177,Streaming and memory,UNTRIAGED,UNASSESSED,,,
0178,Streaming and memory,UNTRIAGED,UNASSESSED,,,
0179,Streaming and memory,UNTRIAGED,UNASSESSED,,,
0180,Streaming and memory,UNTRIAGED,UNASSESSED,,,
0181,Streaming and memory,UNTRIAGED,UNASSESSED,,,
0182,Streaming and memory,UNTRIAGED,UNASSESSED,,,
0183,Streaming and memory,UNTRIAGED,UNASSESSED,,,
0184,Streaming and memory,UNTRIAGED,UNASSESSED,,,
0185,Streaming and memory,UNTRIAGED,UNASSESSED,,,
0186,Streaming and memory,UNTRIAGED,UNASSESSED,,,
0187,Streaming and memory,UNTRIAGED,UNASSESSED,,,
0188,Streaming and memory,UNTRIAGED,UNASSESSED,,,
0189,Streaming and memory,UNTRIAGED,UNASSESSED,,,
0190,Streaming and memory,UNTRIAGED,UNASSESSED,,,
0191,Streaming and memory,UNTRIAGED,UNASSESSED,,,
0192,Streaming and memory,UNTRIAGED,UNASSESSED,,,
0193,Streaming and memory,UNTRIAGED,UNASSESSED,,,
0194,Streaming and memory,UNTRIAGED,UNASSESSED,,,
0195,Streaming and memory,UNTRIAGED,UNASSESSED,,,
0196,Streaming and memory,UNTRIAGED,UNASSESSED,,,
0197,Streaming and memory,UNTRIAGED,UNASSESSED,,,
0198,Streaming and memory,UNTRIAGED,UNASSESSED,,,
0199,Streaming and memory,UNTRIAGED,UNASSESSED,,,
0200,Streaming and memory,UNTRIAGED,UNASSESSED,,,
0201,JC rig and animation,UNTRIAGED,UNASSESSED,,,
0202,JC rig and animation,UNTRIAGED,UNASSESSED,,,
0203,JC rig and animation,UNTRIAGED,UNASSESSED,,,
0204,JC rig and animation,UNTRIAGED,UNASSESSED,,,
0205,JC rig and animation,UNTRIAGED,UNASSESSED,,,
0206,JC rig and animation,UNTRIAGED,UNASSESSED,,,
0207,JC rig and animation,UNTRIAGED,UNASSESSED,,,
0208,JC rig and animation,UNTRIAGED,UNASSESSED,,,
0209,JC rig and animation,UNTRIAGED,UNASSESSED,,,
0210,JC rig and animation,UNTRIAGED,UNASSESSED,,,
0211,JC rig and animation,UNTRIAGED,UNASSESSED,,,
0212,JC rig and animation,UNTRIAGED,UNASSESSED,,,
0213,JC rig and animation,UNTRIAGED,UNASSESSED,,,
0214,JC rig and animation,UNTRIAGED,UNASSESSED,,,
0215,JC rig and animation,UNTRIAGED,UNASSESSED,,,
0216,JC rig and animation,UNTRIAGED,UNASSESSED,,,
0217,JC rig and animation,UNTRIAGED,UNASSESSED,,,
0218,JC rig and animation,UNTRIAGED,UNASSESSED,,,
0219,JC rig and animation,UNTRIAGED,UNASSESSED,,,
0220,JC rig and animation,UNTRIAGED,UNASSESSED,,,
0221,JC rig and animation,UNTRIAGED,UNASSESSED,,,
0222,JC rig and animation,UNTRIAGED,UNASSESSED,,,
0223,JC rig and animation,UNTRIAGED,UNASSESSED,,,
0224,JC rig and animation,UNTRIAGED,UNASSESSED,,,
0225,JC rig and animation,UNTRIAGED,UNASSESSED,,,
0226,JC rig and animation,UNTRIAGED,UNASSESSED,,,
0227,JC rig and animation,UNTRIAGED,UNASSESSED,,,
0228,JC rig and animation,UNTRIAGED,UNASSESSED,,,
0229,JC rig and animation,UNTRIAGED,UNASSESSED,,,
0230,JC rig and animation,UNTRIAGED,UNASSESSED,,,
0231,JC rig and animation,UNTRIAGED,UNASSESSED,,,
0232,JC rig and animation,UNTRIAGED,UNASSESSED,,,
0233,JC rig and animation,UNTRIAGED,UNASSESSED,,,
0234,JC rig and animation,UNTRIAGED,UNASSESSED,,,
0235,JC rig and animation,UNTRIAGED,UNASSESSED,,,
0236,JC rig and animation,UNTRIAGED,UNASSESSED,,,
0237,JC rig and animation,UNTRIAGED,UNASSESSED,,,
0238,JC rig and animation,UNTRIAGED,UNASSESSED,,,
0239,JC rig and animation,UNTRIAGED,UNASSESSED,,,
0240,JC rig and animation,UNTRIAGED,UNASSESSED,,,
0241,JC rig and animation,UNTRIAGED,UNASSESSED,,,
0242,JC rig and animation,UNTRIAGED,UNASSESSED,,,
0243,JC rig and animation,UNTRIAGED,UNASSESSED,,,
0244,JC rig and animation,UNTRIAGED,UNASSESSED,,,
0245,JC rig and animation,UNTRIAGED,UNASSESSED,,,
0246,JC rig and animation,UNTRIAGED,UNASSESSED,,,
0247,JC rig and animation,UNTRIAGED,UNASSESSED,,,
0248,JC rig and animation,UNTRIAGED,UNASSESSED,,,
0249,JC rig and animation,UNTRIAGED,UNASSESSED,,,
0250,JC rig and animation,UNTRIAGED,UNASSESSED,,,
0251,Satan character,UNTRIAGED,UNASSESSED,,,
0252,Satan character,UNTRIAGED,UNASSESSED,,,
0253,Satan character,UNTRIAGED,UNASSESSED,,,
0254,Satan character,UNTRIAGED,UNASSESSED,,,
0255,Satan character,UNTRIAGED,UNASSESSED,,,
0256,Satan character,UNTRIAGED,UNASSESSED,,,
0257,Satan character,UNTRIAGED,UNASSESSED,,,
0258,Satan character,UNTRIAGED,UNASSESSED,,,
0259,Satan character,UNTRIAGED,UNASSESSED,,,
0260,Satan character,UNTRIAGED,UNASSESSED,,,
0261,Satan character,UNTRIAGED,UNASSESSED,,,
0262,Satan character,UNTRIAGED,UNASSESSED,,,
0263,Satan character,UNTRIAGED,UNASSESSED,,,
0264,Satan character,UNTRIAGED,UNASSESSED,,,
0265,Satan character,UNTRIAGED,UNASSESSED,,,
0266,Satan character,UNTRIAGED,UNASSESSED,,,
0267,Satan character,UNTRIAGED,UNASSESSED,,,
0268,Satan character,UNTRIAGED,UNASSESSED,,,
0269,Satan character,UNTRIAGED,UNASSESSED,,,
0270,Satan character,UNTRIAGED,UNASSESSED,,,
0271,Satan character,UNTRIAGED,UNASSESSED,,,
0272,Satan character,UNTRIAGED,UNASSESSED,,,
0273,Satan character,UNTRIAGED,UNASSESSED,,,
0274,Satan character,UNTRIAGED,UNASSESSED,,,
0275,Satan character,UNTRIAGED,UNASSESSED,,,
0276,Satan character,UNTRIAGED,UNASSESSED,,,
0277,Satan character,UNTRIAGED,UNASSESSED,,,
0278,Satan character,UNTRIAGED,UNASSESSED,,,
0279,Satan character,UNTRIAGED,UNASSESSED,,,
0280,Satan character,UNTRIAGED,UNASSESSED,,,
0281,Satan character,UNTRIAGED,UNASSESSED,,,
0282,Satan character,UNTRIAGED,UNASSESSED,,,
0283,Satan character,UNTRIAGED,UNASSESSED,,,
0284,Satan character,UNTRIAGED,UNASSESSED,,,
0285,Satan character,UNTRIAGED,UNASSESSED,,,
0286,Satan character,UNTRIAGED,UNASSESSED,,,
0287,Satan character,UNTRIAGED,UNASSESSED,,,
0288,Satan character,UNTRIAGED,UNASSESSED,,,
0289,Satan character,UNTRIAGED,UNASSESSED,,,
0290,Satan character,UNTRIAGED,UNASSESSED,,,
0291,Satan character,UNTRIAGED,UNASSESSED,,,
0292,Satan character,UNTRIAGED,UNASSESSED,,,
0293,Satan character,UNTRIAGED,UNASSESSED,,,
0294,Satan character,UNTRIAGED,UNASSESSED,,,
0295,Satan character,UNTRIAGED,UNASSESSED,,,
0296,Satan character,UNTRIAGED,UNASSESSED,,,
0297,Satan character,UNTRIAGED,UNASSESSED,,,
0298,Satan character,UNTRIAGED,UNASSESSED,,,
0299,Satan character,UNTRIAGED,UNASSESSED,,,
0300,Satan character,UNTRIAGED,UNASSESSED,,,
0301,Flight and physics,UNTRIAGED,UNASSESSED,,,
0302,Flight and physics,UNTRIAGED,UNASSESSED,,,
0303,Flight and physics,UNTRIAGED,UNASSESSED,,,
0304,Flight and physics,UNTRIAGED,UNASSESSED,,,
0305,Flight and physics,UNTRIAGED,UNASSESSED,,,
0306,Flight and physics,UNTRIAGED,UNASSESSED,,,
0307,Flight and physics,UNTRIAGED,UNASSESSED,,,
0308,Flight and physics,UNTRIAGED,UNASSESSED,,,
0309,Flight and physics,UNTRIAGED,UNASSESSED,,,
0310,Flight and physics,UNTRIAGED,UNASSESSED,,,
0311,Flight and physics,UNTRIAGED,UNASSESSED,,,
0312,Flight and physics,UNTRIAGED,UNASSESSED,,,
0313,Flight and physics,UNTRIAGED,UNASSESSED,,,
0314,Flight and physics,UNTRIAGED,UNASSESSED,,,
0315,Flight and physics,UNTRIAGED,UNASSESSED,,,
0316,Flight and physics,UNTRIAGED,UNASSESSED,,,
0317,Flight and physics,UNTRIAGED,UNASSESSED,,,
0318,Flight and physics,UNTRIAGED,UNASSESSED,,,
0319,Flight and physics,UNTRIAGED,UNASSESSED,,,
0320,Flight and physics,UNTRIAGED,UNASSESSED,,,
0321,Flight and physics,UNTRIAGED,UNASSESSED,,,
0322,Flight and physics,UNTRIAGED,UNASSESSED,,,
0323,Flight and physics,UNTRIAGED,UNASSESSED,,,
0324,Flight and physics,UNTRIAGED,UNASSESSED,,,
0325,Flight and physics,UNTRIAGED,UNASSESSED,,,
0326,Flight and physics,UNTRIAGED,UNASSESSED,,,
0327,Flight and physics,UNTRIAGED,UNASSESSED,,,
0328,Flight and physics,UNTRIAGED,UNASSESSED,,,
0329,Flight and physics,UNTRIAGED,UNASSESSED,,,
0330,Flight and physics,UNTRIAGED,UNASSESSED,,,
0331,Flight and physics,UNTRIAGED,UNASSESSED,,,
0332,Flight and physics,UNTRIAGED,UNASSESSED,,,
0333,Flight and physics,UNTRIAGED,UNASSESSED,,,
0334,Flight and physics,UNTRIAGED,UNASSESSED,,,
0335,Flight and physics,UNTRIAGED,UNASSESSED,,,
0336,Flight and physics,UNTRIAGED,UNASSESSED,,,
0337,Flight and physics,UNTRIAGED,UNASSESSED,,,
0338,Flight and physics,UNTRIAGED,UNASSESSED,,,
0339,Flight and physics,UNTRIAGED,UNASSESSED,,,
0340,Flight and physics,UNTRIAGED,UNASSESSED,,,
0341,Flight and physics,UNTRIAGED,UNASSESSED,,,
0342,Flight and physics,UNTRIAGED,UNASSESSED,,,
0343,Flight and physics,UNTRIAGED,UNASSESSED,,,
0344,Flight and physics,UNTRIAGED,UNASSESSED,,,
0345,Flight and physics,UNTRIAGED,UNASSESSED,,,
0346,Flight and physics,UNTRIAGED,UNASSESSED,,,
0347,Flight and physics,UNTRIAGED,UNASSESSED,,,
0348,Flight and physics,UNTRIAGED,UNASSESSED,,,
0349,Flight and physics,UNTRIAGED,UNASSESSED,,,
0350,Flight and physics,UNTRIAGED,UNASSESSED,,,
0351,Miracles and combat,UNTRIAGED,UNASSESSED,,,
0352,Miracles and combat,UNTRIAGED,UNASSESSED,,,
0353,Miracles and combat,UNTRIAGED,UNASSESSED,,,
0354,Miracles and combat,UNTRIAGED,UNASSESSED,,,
0355,Miracles and combat,UNTRIAGED,UNASSESSED,,,
0356,Miracles and combat,UNTRIAGED,UNASSESSED,,,
0357,Miracles and combat,UNTRIAGED,UNASSESSED,,,
0358,Miracles and combat,UNTRIAGED,UNASSESSED,,,
0359,Miracles and combat,UNTRIAGED,UNASSESSED,,,
0360,Miracles and combat,UNTRIAGED,UNASSESSED,,,
0361,Miracles and combat,UNTRIAGED,UNASSESSED,,,
0362,Miracles and combat,UNTRIAGED,UNASSESSED,,,
0363,Miracles and combat,UNTRIAGED,UNASSESSED,,,
0364,Miracles and combat,UNTRIAGED,UNASSESSED,,,
0365,Miracles and combat,UNTRIAGED,UNASSESSED,,,
0366,Miracles and combat,UNTRIAGED,UNASSESSED,,,
0367,Miracles and combat,UNTRIAGED,UNASSESSED,,,
0368,Miracles and combat,UNTRIAGED,UNASSESSED,,,
0369,Miracles and combat,UNTRIAGED,UNASSESSED,,,
0370,Miracles and combat,UNTRIAGED,UNASSESSED,,,
0371,Miracles and combat,UNTRIAGED,UNASSESSED,,,
0372,Miracles and combat,UNTRIAGED,UNASSESSED,,,
0373,Miracles and combat,UNTRIAGED,UNASSESSED,,,
0374,Miracles and combat,UNTRIAGED,UNASSESSED,,,
0375,Miracles and combat,UNTRIAGED,UNASSESSED,,,
0376,Miracles and combat,UNTRIAGED,UNASSESSED,,,
0377,Miracles and combat,UNTRIAGED,UNASSESSED,,,
0378,Miracles and combat,UNTRIAGED,UNASSESSED,,,
0379,Miracles and combat,UNTRIAGED,UNASSESSED,,,
0380,Miracles and combat,UNTRIAGED,UNASSESSED,,,
0381,Miracles and combat,UNTRIAGED,UNASSESSED,,,
0382,Miracles and combat,UNTRIAGED,UNASSESSED,,,
0383,Miracles and combat,UNTRIAGED,UNASSESSED,,,
0384,Miracles and combat,UNTRIAGED,UNASSESSED,,,
0385,Miracles and combat,UNTRIAGED,UNASSESSED,,,
0386,Miracles and combat,UNTRIAGED,UNASSESSED,,,
0387,Miracles and combat,UNTRIAGED,UNASSESSED,,,
0388,Miracles and combat,UNTRIAGED,UNASSESSED,,,
0389,Miracles and combat,UNTRIAGED,UNASSESSED,,,
0390,Miracles and combat,UNTRIAGED,UNASSESSED,,,
0391,Miracles and combat,UNTRIAGED,UNASSESSED,,,
0392,Miracles and combat,UNTRIAGED,UNASSESSED,,,
0393,Miracles and combat,UNTRIAGED,UNASSESSED,,,
0394,Miracles and combat,UNTRIAGED,UNASSESSED,,,
0395,Miracles and combat,UNTRIAGED,UNASSESSED,,,
0396,Miracles and combat,UNTRIAGED,UNASSESSED,,,
0397,Miracles and combat,UNTRIAGED,UNASSESSED,,,
0398,Miracles and combat,UNTRIAGED,UNASSESSED,,,
0399,Miracles and combat,UNTRIAGED,UNASSESSED,,,
0400,Miracles and combat,UNTRIAGED,UNASSESSED,,,
0401,Destruction and rescue,UNTRIAGED,UNASSESSED,,,
0402,Destruction and rescue,UNTRIAGED,UNASSESSED,,,
0403,Destruction and rescue,UNTRIAGED,UNASSESSED,,,
0404,Destruction and rescue,UNTRIAGED,UNASSESSED,,,
0405,Destruction and rescue,UNTRIAGED,UNASSESSED,,,
0406,Destruction and rescue,UNTRIAGED,UNASSESSED,,,
0407,Destruction and rescue,UNTRIAGED,UNASSESSED,,,
0408,Destruction and rescue,UNTRIAGED,UNASSESSED,,,
0409,Destruction and rescue,UNTRIAGED,UNASSESSED,,,
0410,Destruction and rescue,UNTRIAGED,UNASSESSED,,,
0411,Destruction and rescue,UNTRIAGED,UNASSESSED,,,
0412,Destruction and rescue,UNTRIAGED,UNASSESSED,,,
0413,Destruction and rescue,UNTRIAGED,UNASSESSED,,,
0414,Destruction and rescue,UNTRIAGED,UNASSESSED,,,
0415,Destruction and rescue,UNTRIAGED,UNASSESSED,,,
0416,Destruction and rescue,UNTRIAGED,UNASSESSED,,,
0417,Destruction and rescue,UNTRIAGED,UNASSESSED,,,
0418,Destruction and rescue,UNTRIAGED,UNASSESSED,,,
0419,Destruction and rescue,UNTRIAGED,UNASSESSED,,,
0420,Destruction and rescue,UNTRIAGED,UNASSESSED,,,
0421,Destruction and rescue,UNTRIAGED,UNASSESSED,,,
0422,Destruction and rescue,UNTRIAGED,UNASSESSED,,,
0423,Destruction and rescue,UNTRIAGED,UNASSESSED,,,
0424,Destruction and rescue,UNTRIAGED,UNASSESSED,,,
0425,Destruction and rescue,UNTRIAGED,UNASSESSED,,,
0426,Destruction and rescue,UNTRIAGED,UNASSESSED,,,
0427,Destruction and rescue,UNTRIAGED,UNASSESSED,,,
0428,Destruction and rescue,UNTRIAGED,UNASSESSED,,,
0429,Destruction and rescue,UNTRIAGED,UNASSESSED,,,
0430,Destruction and rescue,UNTRIAGED,UNASSESSED,,,
0431,Destruction and rescue,UNTRIAGED,UNASSESSED,,,
0432,Destruction and rescue,UNTRIAGED,UNASSESSED,,,
0433,Destruction and rescue,UNTRIAGED,UNASSESSED,,,
0434,Destruction and rescue,UNTRIAGED,UNASSESSED,,,
0435,Destruction and rescue,UNTRIAGED,UNASSESSED,,,
0436,Destruction and rescue,UNTRIAGED,UNASSESSED,,,
0437,Destruction and rescue,UNTRIAGED,UNASSESSED,,,
0438,Destruction and rescue,UNTRIAGED,UNASSESSED,,,
0439,Destruction and rescue,UNTRIAGED,UNASSESSED,,,
0440,Destruction and rescue,UNTRIAGED,UNASSESSED,,,
0441,Destruction and rescue,UNTRIAGED,UNASSESSED,,,
0442,Destruction and rescue,UNTRIAGED,UNASSESSED,,,
0443,Destruction and rescue,UNTRIAGED,UNASSESSED,,,
0444,Destruction and rescue,UNTRIAGED,UNASSESSED,,,
0445,Destruction and rescue,UNTRIAGED,UNASSESSED,,,
0446,Destruction and rescue,UNTRIAGED,UNASSESSED,,,
0447,Destruction and rescue,UNTRIAGED,UNASSESSED,,,
0448,Destruction and rescue,UNTRIAGED,UNASSESSED,,,
0449,Destruction and rescue,UNTRIAGED,UNASSESSED,,,
0450,Destruction and rescue,UNTRIAGED,UNASSESSED,,,
0451,NPC AI and memory,UNTRIAGED,UNASSESSED,,,
0452,NPC AI and memory,UNTRIAGED,UNASSESSED,,,
0453,NPC AI and memory,UNTRIAGED,UNASSESSED,,,
0454,NPC AI and memory,UNTRIAGED,UNASSESSED,,,
0455,NPC AI and memory,UNTRIAGED,UNASSESSED,,,
0456,NPC AI and memory,UNTRIAGED,UNASSESSED,,,
0457,NPC AI and memory,UNTRIAGED,UNASSESSED,,,
0458,NPC AI and memory,UNTRIAGED,UNASSESSED,,,
0459,NPC AI and memory,UNTRIAGED,UNASSESSED,,,
0460,NPC AI and memory,UNTRIAGED,UNASSESSED,,,
0461,NPC AI and memory,UNTRIAGED,UNASSESSED,,,
0462,NPC AI and memory,UNTRIAGED,UNASSESSED,,,
0463,NPC AI and memory,UNTRIAGED,UNASSESSED,,,
0464,NPC AI and memory,UNTRIAGED,UNASSESSED,,,
0465,NPC AI and memory,UNTRIAGED,UNASSESSED,,,
0466,NPC AI and memory,UNTRIAGED,UNASSESSED,,,
0467,NPC AI and memory,UNTRIAGED,UNASSESSED,,,
0468,NPC AI and memory,UNTRIAGED,UNASSESSED,,,
0469,NPC AI and memory,UNTRIAGED,UNASSESSED,,,
0470,NPC AI and memory,UNTRIAGED,UNASSESSED,,,
0471,NPC AI and memory,UNTRIAGED,UNASSESSED,,,
0472,NPC AI and memory,UNTRIAGED,UNASSESSED,,,
0473,NPC AI and memory,UNTRIAGED,UNASSESSED,,,
0474,NPC AI and memory,UNTRIAGED,UNASSESSED,,,
0475,NPC AI and memory,UNTRIAGED,UNASSESSED,,,
0476,NPC AI and memory,UNTRIAGED,UNASSESSED,,,
0477,NPC AI and memory,UNTRIAGED,UNASSESSED,,,
0478,NPC AI and memory,UNTRIAGED,UNASSESSED,,,
0479,NPC AI and memory,UNTRIAGED,UNASSESSED,,,
0480,NPC AI and memory,UNTRIAGED,UNASSESSED,,,
0481,NPC AI and memory,UNTRIAGED,UNASSESSED,,,
0482,NPC AI and memory,UNTRIAGED,UNASSESSED,,,
0483,NPC AI and memory,UNTRIAGED,UNASSESSED,,,
0484,NPC AI and memory,UNTRIAGED,UNASSESSED,,,
0485,NPC AI and memory,UNTRIAGED,UNASSESSED,,,
0486,NPC AI and memory,UNTRIAGED,UNASSESSED,,,
0487,NPC AI and memory,UNTRIAGED,UNASSESSED,,,
0488,NPC AI and memory,UNTRIAGED,UNASSESSED,,,
0489,NPC AI and memory,UNTRIAGED,UNASSESSED,,,
0490,NPC AI and memory,UNTRIAGED,UNASSESSED,,,
0491,NPC AI and memory,UNTRIAGED,UNASSESSED,,,
0492,NPC AI and memory,UNTRIAGED,UNASSESSED,,,
0493,NPC AI and memory,UNTRIAGED,UNASSESSED,,,
0494,NPC AI and memory,UNTRIAGED,UNASSESSED,,,
0495,NPC AI and memory,UNTRIAGED,UNASSESSED,,,
0496,NPC AI and memory,UNTRIAGED,UNASSESSED,,,
0497,NPC AI and memory,UNTRIAGED,UNASSESSED,,,
0498,NPC AI and memory,UNTRIAGED,UNASSESSED,,,
0499,NPC AI and memory,UNTRIAGED,UNASSESSED,,,
0500,NPC AI and memory,UNTRIAGED,UNASSESSED,,,
0501,Voice and sound,UNTRIAGED,UNASSESSED,,,
0502,Voice and sound,UNTRIAGED,UNASSESSED,,,
0503,Voice and sound,UNTRIAGED,UNASSESSED,,,
0504,Voice and sound,UNTRIAGED,UNASSESSED,,,
0505,Voice and sound,UNTRIAGED,UNASSESSED,,,
0506,Voice and sound,UNTRIAGED,UNASSESSED,,,
0507,Voice and sound,UNTRIAGED,UNASSESSED,,,
0508,Voice and sound,UNTRIAGED,UNASSESSED,,,
0509,Voice and sound,UNTRIAGED,UNASSESSED,,,
0510,Voice and sound,UNTRIAGED,UNASSESSED,,,
0511,Voice and sound,UNTRIAGED,UNASSESSED,,,
0512,Voice and sound,UNTRIAGED,UNASSESSED,,,
0513,Voice and sound,UNTRIAGED,UNASSESSED,,,
0514,Voice and sound,UNTRIAGED,UNASSESSED,,,
0515,Voice and sound,UNTRIAGED,UNASSESSED,,,
0516,Voice and sound,UNTRIAGED,UNASSESSED,,,
0517,Voice and sound,UNTRIAGED,UNASSESSED,,,
0518,Voice and sound,UNTRIAGED,UNASSESSED,,,
0519,Voice and sound,UNTRIAGED,UNASSESSED,,,
0520,Voice and sound,UNTRIAGED,UNASSESSED,,,
0521,Voice and sound,UNTRIAGED,UNASSESSED,,,
0522,Voice and sound,UNTRIAGED,UNASSESSED,,,
0523,Voice and sound,UNTRIAGED,UNASSESSED,,,
0524,Voice and sound,UNTRIAGED,UNASSESSED,,,
0525,Voice and sound,UNTRIAGED,UNASSESSED,,,
0526,Voice and sound,UNTRIAGED,UNASSESSED,,,
0527,Voice and sound,UNTRIAGED,UNASSESSED,,,
0528,Voice and sound,UNTRIAGED,UNASSESSED,,,
0529,Voice and sound,UNTRIAGED,UNASSESSED,,,
0530,Voice and sound,UNTRIAGED,UNASSESSED,,,
0531,Voice and sound,UNTRIAGED,UNASSESSED,,,
0532,Voice and sound,UNTRIAGED,UNASSESSED,,,
0533,Voice and sound,UNTRIAGED,UNASSESSED,,,
0534,Voice and sound,UNTRIAGED,UNASSESSED,,,
0535,Voice and sound,UNTRIAGED,UNASSESSED,,,
0536,Voice and sound,UNTRIAGED,UNASSESSED,,,
0537,Voice and sound,UNTRIAGED,UNASSESSED,,,
0538,Voice and sound,UNTRIAGED,UNASSESSED,,,
0539,Voice and sound,UNTRIAGED,UNASSESSED,,,
0540,Voice and sound,UNTRIAGED,UNASSESSED,,,
0541,Voice and sound,UNTRIAGED,UNASSESSED,,,
0542,Voice and sound,UNTRIAGED,UNASSESSED,,,
0543,Voice and sound,UNTRIAGED,UNASSESSED,,,
0544,Voice and sound,UNTRIAGED,UNASSESSED,,,
0545,Voice and sound,UNTRIAGED,UNASSESSED,,,
0546,Voice and sound,UNTRIAGED,UNASSESSED,,,
0547,Voice and sound,UNTRIAGED,UNASSESSED,,,
0548,Voice and sound,UNTRIAGED,UNASSESSED,,,
0549,Voice and sound,UNTRIAGED,UNASSESSED,,,
0550,Voice and sound,UNTRIAGED,UNASSESSED,,,
0551,Vehicles and traffic,UNTRIAGED,UNASSESSED,,,
0552,Vehicles and traffic,UNTRIAGED,UNASSESSED,,,
0553,Vehicles and traffic,UNTRIAGED,UNASSESSED,,,
0554,Vehicles and traffic,UNTRIAGED,UNASSESSED,,,
0555,Vehicles and traffic,UNTRIAGED,UNASSESSED,,,
0556,Vehicles and traffic,UNTRIAGED,UNASSESSED,,,
0557,Vehicles and traffic,UNTRIAGED,UNASSESSED,,,
0558,Vehicles and traffic,UNTRIAGED,UNASSESSED,,,
0559,Vehicles and traffic,UNTRIAGED,UNASSESSED,,,
0560,Vehicles and traffic,UNTRIAGED,UNASSESSED,,,
0561,Vehicles and traffic,UNTRIAGED,UNASSESSED,,,
0562,Vehicles and traffic,UNTRIAGED,UNASSESSED,,,
0563,Vehicles and traffic,UNTRIAGED,UNASSESSED,,,
0564,Vehicles and traffic,UNTRIAGED,UNASSESSED,,,
0565,Vehicles and traffic,UNTRIAGED,UNASSESSED,,,
0566,Vehicles and traffic,UNTRIAGED,UNASSESSED,,,
0567,Vehicles and traffic,UNTRIAGED,UNASSESSED,,,
0568,Vehicles and traffic,UNTRIAGED,UNASSESSED,,,
0569,Vehicles and traffic,UNTRIAGED,UNASSESSED,,,
0570,Vehicles and traffic,UNTRIAGED,UNASSESSED,,,
0571,Vehicles and traffic,UNTRIAGED,UNASSESSED,,,
0572,Vehicles and traffic,UNTRIAGED,UNASSESSED,,,
0573,Vehicles and traffic,UNTRIAGED,UNASSESSED,,,
0574,Vehicles and traffic,UNTRIAGED,UNASSESSED,,,
0575,Vehicles and traffic,UNTRIAGED,UNASSESSED,,,
0576,Vehicles and traffic,UNTRIAGED,UNASSESSED,,,
0577,Vehicles and traffic,UNTRIAGED,UNASSESSED,,,
0578,Vehicles and traffic,UNTRIAGED,UNASSESSED,,,
0579,Vehicles and traffic,UNTRIAGED,UNASSESSED,,,
0580,Vehicles and traffic,UNTRIAGED,UNASSESSED,,,
0581,Vehicles and traffic,UNTRIAGED,UNASSESSED,,,
0582,Vehicles and traffic,UNTRIAGED,UNASSESSED,,,
0583,Vehicles and traffic,UNTRIAGED,UNASSESSED,,,
0584,Vehicles and traffic,UNTRIAGED,UNASSESSED,,,
0585,Vehicles and traffic,UNTRIAGED,UNASSESSED,,,
0586,Vehicles and traffic,UNTRIAGED,UNASSESSED,,,
0587,Vehicles and traffic,UNTRIAGED,UNASSESSED,,,
0588,Vehicles and traffic,UNTRIAGED,UNASSESSED,,,
0589,Vehicles and traffic,UNTRIAGED,UNASSESSED,,,
0590,Vehicles and traffic,UNTRIAGED,UNASSESSED,,,
0591,Vehicles and traffic,UNTRIAGED,UNASSESSED,,,
0592,Vehicles and traffic,UNTRIAGED,UNASSESSED,,,
0593,Vehicles and traffic,UNTRIAGED,UNASSESSED,,,
0594,Vehicles and traffic,UNTRIAGED,UNASSESSED,,,
0595,Vehicles and traffic,UNTRIAGED,UNASSESSED,,,
0596,Vehicles and traffic,UNTRIAGED,UNASSESSED,,,
0597,Vehicles and traffic,UNTRIAGED,UNASSESSED,,,
0598,Vehicles and traffic,UNTRIAGED,UNASSESSED,,,
0599,Vehicles and traffic,UNTRIAGED,UNASSESSED,,,
0600,Vehicles and traffic,UNTRIAGED,UNASSESSED,,,
0601,Missions and story,UNTRIAGED,UNASSESSED,,,
0602,Missions and story,UNTRIAGED,UNASSESSED,,,
0603,Missions and story,UNTRIAGED,UNASSESSED,,,
0604,Missions and story,UNTRIAGED,UNASSESSED,,,
0605,Missions and story,UNTRIAGED,UNASSESSED,,,
0606,Missions and story,UNTRIAGED,UNASSESSED,,,
0607,Missions and story,UNTRIAGED,UNASSESSED,,,
0608,Missions and story,UNTRIAGED,UNASSESSED,,,
0609,Missions and story,UNTRIAGED,UNASSESSED,,,
0610,Missions and story,UNTRIAGED,UNASSESSED,,,
0611,Missions and story,UNTRIAGED,UNASSESSED,,,
0612,Missions and story,UNTRIAGED,UNASSESSED,,,
0613,Missions and story,UNTRIAGED,UNASSESSED,,,
0614,Missions and story,UNTRIAGED,UNASSESSED,,,
0615,Missions and story,UNTRIAGED,UNASSESSED,,,
0616,Missions and story,UNTRIAGED,UNASSESSED,,,
0617,Missions and story,UNTRIAGED,UNASSESSED,,,
0618,Missions and story,UNTRIAGED,UNASSESSED,,,
0619,Missions and story,UNTRIAGED,UNASSESSED,,,
0620,Missions and story,UNTRIAGED,UNASSESSED,,,
0621,Missions and story,UNTRIAGED,UNASSESSED,,,
0622,Missions and story,UNTRIAGED,UNASSESSED,,,
0623,Missions and story,UNTRIAGED,UNASSESSED,,,
0624,Missions and story,UNTRIAGED,UNASSESSED,,,
0625,Missions and story,UNTRIAGED,UNASSESSED,,,
0626,Missions and story,UNTRIAGED,UNASSESSED,,,
0627,Missions and story,UNTRIAGED,UNASSESSED,,,
0628,Missions and story,UNTRIAGED,UNASSESSED,,,
0629,Missions and story,UNTRIAGED,UNASSESSED,,,
0630,Missions and story,UNTRIAGED,UNASSESSED,,,
0631,Missions and story,UNTRIAGED,UNASSESSED,,,
0632,Missions and story,UNTRIAGED,UNASSESSED,,,
0633,Missions and story,UNTRIAGED,UNASSESSED,,,
0634,Missions and story,UNTRIAGED,UNASSESSED,,,
0635,Missions and story,UNTRIAGED,UNASSESSED,,,
0636,Missions and story,UNTRIAGED,UNASSESSED,,,
0637,Missions and story,UNTRIAGED,UNASSESSED,,,
0638,Missions and story,UNTRIAGED,UNASSESSED,,,
0639,Missions and story,UNTRIAGED,UNASSESSED,,,
0640,Missions and story,UNTRIAGED,UNASSESSED,,,
0641,Missions and story,UNTRIAGED,UNASSESSED,,,
0642,Missions and story,UNTRIAGED,UNASSESSED,,,
0643,Missions and story,UNTRIAGED,UNASSESSED,,,
0644,Missions and story,UNTRIAGED,UNASSESSED,,,
0645,Missions and story,UNTRIAGED,UNASSESSED,,,
0646,Missions and story,UNTRIAGED,UNASSESSED,,,
0647,Missions and story,UNTRIAGED,UNASSESSED,,,
0648,Missions and story,UNTRIAGED,UNASSESSED,,,
0649,Missions and story,UNTRIAGED,UNASSESSED,,,
0650,Missions and story,UNTRIAGED,UNASSESSED,,,
0651,Camera and minimap,UNTRIAGED,UNASSESSED,,,
0652,Camera and minimap,UNTRIAGED,UNASSESSED,,,
0653,Camera and minimap,UNTRIAGED,UNASSESSED,,,
0654,Camera and minimap,UNTRIAGED,UNASSESSED,,,
0655,Camera and minimap,UNTRIAGED,UNASSESSED,,,
0656,Camera and minimap,UNTRIAGED,UNASSESSED,,,
0657,Camera and minimap,UNTRIAGED,UNASSESSED,,,
0658,Camera and minimap,UNTRIAGED,UNASSESSED,,,
0659,Camera and minimap,UNTRIAGED,UNASSESSED,,,
0660,Camera and minimap,UNTRIAGED,UNASSESSED,,,
0661,Camera and minimap,UNTRIAGED,UNASSESSED,,,
0662,Camera and minimap,UNTRIAGED,UNASSESSED,,,
0663,Camera and minimap,UNTRIAGED,UNASSESSED,,,
0664,Camera and minimap,UNTRIAGED,UNASSESSED,,,
0665,Camera and minimap,UNTRIAGED,UNASSESSED,,,
0666,Camera and minimap,UNTRIAGED,UNASSESSED,,,
0667,Camera and minimap,UNTRIAGED,UNASSESSED,,,
0668,Camera and minimap,UNTRIAGED,UNASSESSED,,,
0669,Camera and minimap,UNTRIAGED,UNASSESSED,,,
0670,Camera and minimap,UNTRIAGED,UNASSESSED,,,
0671,Camera and minimap,UNTRIAGED,UNASSESSED,,,
0672,Camera and minimap,UNTRIAGED,UNASSESSED,,,
0673,Camera and minimap,UNTRIAGED,UNASSESSED,,,
0674,Camera and minimap,UNTRIAGED,UNASSESSED,,,
0675,Camera and minimap,UNTRIAGED,UNASSESSED,,,
0676,Camera and minimap,UNTRIAGED,UNASSESSED,,,
0677,Camera and minimap,UNTRIAGED,UNASSESSED,,,
0678,Camera and minimap,UNTRIAGED,UNASSESSED,,,
0679,Camera and minimap,UNTRIAGED,UNASSESSED,,,
0680,Camera and minimap,UNTRIAGED,UNASSESSED,,,
0681,Camera and minimap,UNTRIAGED,UNASSESSED,,,
0682,Camera and minimap,UNTRIAGED,UNASSESSED,,,
0683,Camera and minimap,UNTRIAGED,UNASSESSED,,,
0684,Camera and minimap,UNTRIAGED,UNASSESSED,,,
0685,Camera and minimap,UNTRIAGED,UNASSESSED,,,
0686,Camera and minimap,UNTRIAGED,UNASSESSED,,,
0687,Camera and minimap,UNTRIAGED,UNASSESSED,,,
0688,Camera and minimap,UNTRIAGED,UNASSESSED,,,
0689,Camera and minimap,UNTRIAGED,UNASSESSED,,,
0690,Camera and minimap,UNTRIAGED,UNASSESSED,,,
0691,Camera and minimap,UNTRIAGED,UNASSESSED,,,
0692,Camera and minimap,UNTRIAGED,UNASSESSED,,,
0693,Camera and minimap,UNTRIAGED,UNASSESSED,,,
0694,Camera and minimap,UNTRIAGED,UNASSESSED,,,
0695,Camera and minimap,UNTRIAGED,UNASSESSED,,,
0696,Camera and minimap,UNTRIAGED,UNASSESSED,,,
0697,Camera and minimap,UNTRIAGED,UNASSESSED,,,
0698,Camera and minimap,UNTRIAGED,UNASSESSED,,,
0699,Camera and minimap,UNTRIAGED,UNASSESSED,,,
0700,Camera and minimap,UNTRIAGED,UNASSESSED,,,
0701,Mobile controls,UNTRIAGED,UNASSESSED,,,
0702,Mobile controls,UNTRIAGED,UNASSESSED,,,
0703,Mobile controls,UNTRIAGED,UNASSESSED,,,
0704,Mobile controls,UNTRIAGED,UNASSESSED,,,
0705,Mobile controls,UNTRIAGED,UNASSESSED,,,
0706,Mobile controls,UNTRIAGED,UNASSESSED,,,
0707,Mobile controls,UNTRIAGED,UNASSESSED,,,
0708,Mobile controls,UNTRIAGED,UNASSESSED,,,
0709,Mobile controls,UNTRIAGED,UNASSESSED,,,
0710,Mobile controls,UNTRIAGED,UNASSESSED,,,
0711,Mobile controls,UNTRIAGED,UNASSESSED,,,
0712,Mobile controls,UNTRIAGED,UNASSESSED,,,
0713,Mobile controls,UNTRIAGED,UNASSESSED,,,
0714,Mobile controls,UNTRIAGED,UNASSESSED,,,
0715,Mobile controls,UNTRIAGED,UNASSESSED,,,
0716,Mobile controls,UNTRIAGED,UNASSESSED,,,
0717,Mobile controls,UNTRIAGED,UNASSESSED,,,
0718,Mobile controls,UNTRIAGED,UNASSESSED,,,
0719,Mobile controls,UNTRIAGED,UNASSESSED,,,
0720,Mobile controls,UNTRIAGED,UNASSESSED,,,
0721,Mobile controls,UNTRIAGED,UNASSESSED,,,
0722,Mobile controls,UNTRIAGED,UNASSESSED,,,
0723,Mobile controls,UNTRIAGED,UNASSESSED,,,
0724,Mobile controls,UNTRIAGED,UNASSESSED,,,
0725,Mobile controls,UNTRIAGED,UNASSESSED,,,
0726,Mobile controls,UNTRIAGED,UNASSESSED,,,
0727,Mobile controls,UNTRIAGED,UNASSESSED,,,
0728,Mobile controls,UNTRIAGED,UNASSESSED,,,
0729,Mobile controls,UNTRIAGED,UNASSESSED,,,
0730,Mobile controls,UNTRIAGED,UNASSESSED,,,
0731,Mobile controls,UNTRIAGED,UNASSESSED,,,
0732,Mobile controls,UNTRIAGED,UNASSESSED,,,
0733,Mobile controls,UNTRIAGED,UNASSESSED,,,
0734,Mobile controls,UNTRIAGED,UNASSESSED,,,
0735,Mobile controls,UNTRIAGED,UNASSESSED,,,
0736,Mobile controls,UNTRIAGED,UNASSESSED,,,
0737,Mobile controls,UNTRIAGED,UNASSESSED,,,
0738,Mobile controls,UNTRIAGED,UNASSESSED,,,
0739,Mobile controls,UNTRIAGED,UNASSESSED,,,
0740,Mobile controls,UNTRIAGED,UNASSESSED,,,
0741,Mobile controls,UNTRIAGED,UNASSESSED,,,
0742,Mobile controls,UNTRIAGED,UNASSESSED,,,
0743,Mobile controls,UNTRIAGED,UNASSESSED,,,
0744,Mobile controls,UNTRIAGED,UNASSESSED,,,
0745,Mobile controls,UNTRIAGED,UNASSESSED,,,
0746,Mobile controls,UNTRIAGED,UNASSESSED,,,
0747,Mobile controls,UNTRIAGED,UNASSESSED,,,
0748,Mobile controls,UNTRIAGED,UNASSESSED,,,
0749,Mobile controls,UNTRIAGED,UNASSESSED,,,
0750,Mobile controls,UNTRIAGED,UNASSESSED,,,
0751,Lighting and weather,UNTRIAGED,UNASSESSED,,,
0752,Lighting and weather,UNTRIAGED,UNASSESSED,,,
0753,Lighting and weather,UNTRIAGED,UNASSESSED,,,
0754,Lighting and weather,UNTRIAGED,UNASSESSED,,,
0755,Lighting and weather,UNTRIAGED,UNASSESSED,,,
0756,Lighting and weather,UNTRIAGED,UNASSESSED,,,
0757,Lighting and weather,UNTRIAGED,UNASSESSED,,,
0758,Lighting and weather,UNTRIAGED,UNASSESSED,,,
0759,Lighting and weather,UNTRIAGED,UNASSESSED,,,
0760,Lighting and weather,UNTRIAGED,UNASSESSED,,,
0761,Lighting and weather,UNTRIAGED,UNASSESSED,,,
0762,Lighting and weather,UNTRIAGED,UNASSESSED,,,
0763,Lighting and weather,UNTRIAGED,UNASSESSED,,,
0764,Lighting and weather,UNTRIAGED,UNASSESSED,,,
0765,Lighting and weather,UNTRIAGED,UNASSESSED,,,
0766,Lighting and weather,UNTRIAGED,UNASSESSED,,,
0767,Lighting and weather,UNTRIAGED,UNASSESSED,,,
0768,Lighting and weather,UNTRIAGED,UNASSESSED,,,
0769,Lighting and weather,UNTRIAGED,UNASSESSED,,,
0770,Lighting and weather,UNTRIAGED,UNASSESSED,,,
0771,Lighting and weather,UNTRIAGED,UNASSESSED,,,
0772,Lighting and weather,UNTRIAGED,UNASSESSED,,,
0773,Lighting and weather,UNTRIAGED,UNASSESSED,,,
0774,Lighting and weather,UNTRIAGED,UNASSESSED,,,
0775,Lighting and weather,UNTRIAGED,UNASSESSED,,,
0776,Lighting and weather,UNTRIAGED,UNASSESSED,,,
0777,Lighting and weather,UNTRIAGED,UNASSESSED,,,
0778,Lighting and weather,UNTRIAGED,UNASSESSED,,,
0779,Lighting and weather,UNTRIAGED,UNASSESSED,,,
0780,Lighting and weather,UNTRIAGED,UNASSESSED,,,
0781,Lighting and weather,UNTRIAGED,UNASSESSED,,,
0782,Lighting and weather,UNTRIAGED,UNASSESSED,,,
0783,Lighting and weather,UNTRIAGED,UNASSESSED,,,
0784,Lighting and weather,UNTRIAGED,UNASSESSED,,,
0785,Lighting and weather,UNTRIAGED,UNASSESSED,,,
0786,Lighting and weather,UNTRIAGED,UNASSESSED,,,
0787,Lighting and weather,UNTRIAGED,UNASSESSED,,,
0788,Lighting and weather,UNTRIAGED,UNASSESSED,,,
0789,Lighting and weather,UNTRIAGED,UNASSESSED,,,
0790,Lighting and weather,UNTRIAGED,UNASSESSED,,,
0791,Lighting and weather,UNTRIAGED,UNASSESSED,,,
0792,Lighting and weather,UNTRIAGED,UNASSESSED,,,
0793,Lighting and weather,UNTRIAGED,UNASSESSED,,,
0794,Lighting and weather,UNTRIAGED,UNASSESSED,,,
0795,Lighting and weather,UNTRIAGED,UNASSESSED,,,
0796,Lighting and weather,UNTRIAGED,UNASSESSED,,,
0797,Lighting and weather,UNTRIAGED,UNASSESSED,,,
0798,Lighting and weather,UNTRIAGED,UNASSESSED,,,
0799,Lighting and weather,UNTRIAGED,UNASSESSED,,,
0800,Lighting and weather,UNTRIAGED,UNASSESSED,,,
0801,Interiors and landmarks,UNTRIAGED,UNASSESSED,,,
0802,Interiors and landmarks,UNTRIAGED,UNASSESSED,,,
0803,Interiors and landmarks,UNTRIAGED,UNASSESSED,,,
0804,Interiors and landmarks,UNTRIAGED,UNASSESSED,,,
0805,Interiors and landmarks,UNTRIAGED,UNASSESSED,,,
0806,Interiors and landmarks,UNTRIAGED,UNASSESSED,,,
0807,Interiors and landmarks,UNTRIAGED,UNASSESSED,,,
0808,Interiors and landmarks,UNTRIAGED,UNASSESSED,,,
0809,Interiors and landmarks,UNTRIAGED,UNASSESSED,,,
0810,Interiors and landmarks,UNTRIAGED,UNASSESSED,,,
0811,Interiors and landmarks,UNTRIAGED,UNASSESSED,,,
0812,Interiors and landmarks,UNTRIAGED,UNASSESSED,,,
0813,Interiors and landmarks,UNTRIAGED,UNASSESSED,,,
0814,Interiors and landmarks,UNTRIAGED,UNASSESSED,,,
0815,Interiors and landmarks,UNTRIAGED,UNASSESSED,,,
0816,Interiors and landmarks,UNTRIAGED,UNASSESSED,,,
0817,Interiors and landmarks,UNTRIAGED,UNASSESSED,,,
0818,Interiors and landmarks,UNTRIAGED,UNASSESSED,,,
0819,Interiors and landmarks,UNTRIAGED,UNASSESSED,,,
0820,Interiors and landmarks,UNTRIAGED,UNASSESSED,,,
0821,Interiors and landmarks,UNTRIAGED,UNASSESSED,,,
0822,Interiors and landmarks,UNTRIAGED,UNASSESSED,,,
0823,Interiors and landmarks,UNTRIAGED,UNASSESSED,,,
0824,Interiors and landmarks,UNTRIAGED,UNASSESSED,,,
0825,Interiors and landmarks,UNTRIAGED,UNASSESSED,,,
0826,Interiors and landmarks,UNTRIAGED,UNASSESSED,,,
0827,Interiors and landmarks,UNTRIAGED,UNASSESSED,,,
0828,Interiors and landmarks,UNTRIAGED,UNASSESSED,,,
0829,Interiors and landmarks,UNTRIAGED,UNASSESSED,,,
0830,Interiors and landmarks,UNTRIAGED,UNASSESSED,,,
0831,Interiors and landmarks,UNTRIAGED,UNASSESSED,,,
0832,Interiors and landmarks,UNTRIAGED,UNASSESSED,,,
0833,Interiors and landmarks,UNTRIAGED,UNASSESSED,,,
0834,Interiors and landmarks,UNTRIAGED,UNASSESSED,,,
0835,Interiors and landmarks,UNTRIAGED,UNASSESSED,,,
0836,Interiors and landmarks,UNTRIAGED,UNASSESSED,,,
0837,Interiors and landmarks,UNTRIAGED,UNASSESSED,,,
0838,Interiors and landmarks,UNTRIAGED,UNASSESSED,,,
0839,Interiors and landmarks,UNTRIAGED,UNASSESSED,,,
0840,Interiors and landmarks,UNTRIAGED,UNASSESSED,,,
0841,Interiors and landmarks,UNTRIAGED,UNASSESSED,,,
0842,Interiors and landmarks,UNTRIAGED,UNASSESSED,,,
0843,Interiors and landmarks,UNTRIAGED,UNASSESSED,,,
0844,Interiors and landmarks,UNTRIAGED,UNASSESSED,,,
0845,Interiors and landmarks,UNTRIAGED,UNASSESSED,,,
0846,Interiors and landmarks,UNTRIAGED,UNASSESSED,,,
0847,Interiors and landmarks,UNTRIAGED,UNASSESSED,,,
0848,Interiors and landmarks,UNTRIAGED,UNASSESSED,,,
0849,Interiors and landmarks,UNTRIAGED,UNASSESSED,,,
0850,Interiors and landmarks,UNTRIAGED,UNASSESSED,,,
0851,Persistence and security,UNTRIAGED,UNASSESSED,,,
0852,Persistence and security,UNTRIAGED,UNASSESSED,,,
0853,Persistence and security,UNTRIAGED,UNASSESSED,,,
0854,Persistence and security,UNTRIAGED,UNASSESSED,,,
0855,Persistence and security,UNTRIAGED,UNASSESSED,,,
0856,Persistence and security,UNTRIAGED,UNASSESSED,,,
0857,Persistence and security,UNTRIAGED,UNASSESSED,,,
0858,Persistence and security,UNTRIAGED,UNASSESSED,,,
0859,Persistence and security,UNTRIAGED,UNASSESSED,,,
0860,Persistence and security,UNTRIAGED,UNASSESSED,,,
0861,Persistence and security,UNTRIAGED,UNASSESSED,,,
0862,Persistence and security,UNTRIAGED,UNASSESSED,,,
0863,Persistence and security,UNTRIAGED,UNASSESSED,,,
0864,Persistence and security,UNTRIAGED,UNASSESSED,,,
0865,Persistence and security,UNTRIAGED,UNASSESSED,,,
0866,Persistence and security,UNTRIAGED,UNASSESSED,,,
0867,Persistence and security,UNTRIAGED,UNASSESSED,,,
0868,Persistence and security,UNTRIAGED,UNASSESSED,,,
0869,Persistence and security,UNTRIAGED,UNASSESSED,,,
0870,Persistence and security,UNTRIAGED,UNASSESSED,,,
0871,Persistence and security,UNTRIAGED,UNASSESSED,,,
0872,Persistence and security,UNTRIAGED,UNASSESSED,,,
0873,Persistence and security,UNTRIAGED,UNASSESSED,,,
0874,Persistence and security,UNTRIAGED,UNASSESSED,,,
0875,Persistence and security,UNTRIAGED,UNASSESSED,,,
0876,Persistence and security,UNTRIAGED,UNASSESSED,,,
0877,Persistence and security,UNTRIAGED,UNASSESSED,,,
0878,Persistence and security,UNTRIAGED,UNASSESSED,,,
0879,Persistence and security,UNTRIAGED,UNASSESSED,,,
0880,Persistence and security,UNTRIAGED,UNASSESSED,,,
0881,Persistence and security,UNTRIAGED,UNASSESSED,,,
0882,Persistence and security,UNTRIAGED,UNASSESSED,,,
0883,Persistence and security,UNTRIAGED,UNASSESSED,,,
0884,Persistence and security,UNTRIAGED,UNASSESSED,,,
0885,Persistence and security,UNTRIAGED,UNASSESSED,,,
0886,Persistence and security,UNTRIAGED,UNASSESSED,,,
0887,Persistence and security,UNTRIAGED,UNASSESSED,,,
0888,Persistence and security,UNTRIAGED,UNASSESSED,,,
0889,Persistence and security,UNTRIAGED,UNASSESSED,,,
0890,Persistence and security,UNTRIAGED,UNASSESSED,,,
0891,Persistence and security,UNTRIAGED,UNASSESSED,,,
0892,Persistence and security,UNTRIAGED,UNASSESSED,,,
0893,Persistence and security,UNTRIAGED,UNASSESSED,,,
0894,Persistence and security,UNTRIAGED,UNASSESSED,,,
0895,Persistence and security,UNTRIAGED,UNASSESSED,,,
0896,Persistence and security,UNTRIAGED,UNASSESSED,,,
0897,Persistence and security,UNTRIAGED,UNASSESSED,,,
0898,Persistence and security,UNTRIAGED,UNASSESSED,,,
0899,Persistence and security,UNTRIAGED,UNASSESSED,,,
0900,Persistence and security,UNTRIAGED,UNASSESSED,,,
0901,Deployment and QA,UNTRIAGED,UNASSESSED,,,
0902,Deployment and QA,UNTRIAGED,UNASSESSED,,,
0903,Deployment and QA,UNTRIAGED,UNASSESSED,,,
0904,Deployment and QA,UNTRIAGED,UNASSESSED,,,
0905,Deployment and QA,UNTRIAGED,UNASSESSED,,,
0906,Deployment and QA,UNTRIAGED,UNASSESSED,,,
0907,Deployment and QA,UNTRIAGED,UNASSESSED,,,
0908,Deployment and QA,UNTRIAGED,UNASSESSED,,,
0909,Deployment and QA,UNTRIAGED,UNASSESSED,,,
0910,Deployment and QA,UNTRIAGED,UNASSESSED,,,
0911,Deployment and QA,UNTRIAGED,UNASSESSED,,,
0912,Deployment and QA,UNTRIAGED,UNASSESSED,,,
0913,Deployment and QA,UNTRIAGED,UNASSESSED,,,
0914,Deployment and QA,UNTRIAGED,UNASSESSED,,,
0915,Deployment and QA,UNTRIAGED,UNASSESSED,,,
0916,Deployment and QA,UNTRIAGED,UNASSESSED,,,
0917,Deployment and QA,UNTRIAGED,UNASSESSED,,,
0918,Deployment and QA,UNTRIAGED,UNASSESSED,,,
0919,Deployment and QA,UNTRIAGED,UNASSESSED,,,
0920,Deployment and QA,UNTRIAGED,UNASSESSED,,,
0921,Deployment and QA,UNTRIAGED,UNASSESSED,,,
0922,Deployment and QA,UNTRIAGED,UNASSESSED,,,
0923,Deployment and QA,UNTRIAGED,UNASSESSED,,,
0924,Deployment and QA,UNTRIAGED,UNASSESSED,,,
0925,Deployment and QA,UNTRIAGED,UNASSESSED,,,
0926,Deployment and QA,UNTRIAGED,UNASSESSED,,,
0927,Deployment and QA,UNTRIAGED,UNASSESSED,,,
0928,Deployment and QA,UNTRIAGED,UNASSESSED,,,
0929,Deployment and QA,UNTRIAGED,UNASSESSED,,,
0930,Deployment and QA,UNTRIAGED,UNASSESSED,,,
0931,Deployment and QA,UNTRIAGED,UNASSESSED,,,
0932,Deployment and QA,UNTRIAGED,UNASSESSED,,,
0933,Deployment and QA,UNTRIAGED,UNASSESSED,,,
0934,Deployment and QA,UNTRIAGED,UNASSESSED,,,
0935,Deployment and QA,UNTRIAGED,UNASSESSED,,,
0936,Deployment and QA,UNTRIAGED,UNASSESSED,,,
0937,Deployment and QA,UNTRIAGED,UNASSESSED,,,
0938,Deployment and QA,UNTRIAGED,UNASSESSED,,,
0939,Deployment and QA,UNTRIAGED,UNASSESSED,,,
0940,Deployment and QA,UNTRIAGED,UNASSESSED,,,
0941,Deployment and QA,UNTRIAGED,UNASSESSED,,,
0942,Deployment and QA,UNTRIAGED,UNASSESSED,,,
0943,Deployment and QA,UNTRIAGED,UNASSESSED,,,
0944,Deployment and QA,UNTRIAGED,UNASSESSED,,,
0945,Deployment and QA,UNTRIAGED,UNASSESSED,,,
0946,Deployment and QA,UNTRIAGED,UNASSESSED,,,
0947,Deployment and QA,UNTRIAGED,UNASSESSED,,,
0948,Deployment and QA,UNTRIAGED,UNASSESSED,,,
0949,Deployment and QA,UNTRIAGED,UNASSESSED,,,
0950,Deployment and QA,UNTRIAGED,UNASSESSED,,,
0951,Game design,UNTRIAGED,UNASSESSED,,,
0952,Game design,UNTRIAGED,UNASSESSED,,,
0953,Game design,UNTRIAGED,UNASSESSED,,,
0954,Game design,UNTRIAGED,UNASSESSED,,,
0955,Game design,UNTRIAGED,UNASSESSED,,,
0956,Game design,UNTRIAGED,UNASSESSED,,,
0957,Game design,UNTRIAGED,UNASSESSED,,,
0958,Game design,UNTRIAGED,UNASSESSED,,,
0959,Game design,UNTRIAGED,UNASSESSED,,,
0960,Game design,UNTRIAGED,UNASSESSED,,,
0961,Game design,UNTRIAGED,UNASSESSED,,,
0962,Game design,UNTRIAGED,UNASSESSED,,,
0963,Game design,UNTRIAGED,UNASSESSED,,,
0964,Game design,UNTRIAGED,UNASSESSED,,,
0965,Game design,UNTRIAGED,UNASSESSED,,,
0966,Game design,UNTRIAGED,UNASSESSED,,,
0967,Game design,UNTRIAGED,UNASSESSED,,,
0968,Game design,UNTRIAGED,UNASSESSED,,,
0969,Game design,UNTRIAGED,UNASSESSED,,,
0970,Game design,UNTRIAGED,UNASSESSED,,,
0971,Game design,UNTRIAGED,UNASSESSED,,,
0972,Game design,UNTRIAGED,UNASSESSED,,,
0973,Game design,UNTRIAGED,UNASSESSED,,,
0974,Game design,UNTRIAGED,UNASSESSED,,,
0975,Game design,UNTRIAGED,UNASSESSED,,,
0976,Game design,UNTRIAGED,UNASSESSED,,,
0977,Game design,UNTRIAGED,UNASSESSED,,,
0978,Game design,UNTRIAGED,UNASSESSED,,,
0979,Game design,UNTRIAGED,UNASSESSED,,,
0980,Game design,UNTRIAGED,UNASSESSED,,,
0981,Game design,UNTRIAGED,UNASSESSED,,,
0982,Game design,UNTRIAGED,UNASSESSED,,,
0983,Game design,UNTRIAGED,UNASSESSED,,,
0984,Game design,UNTRIAGED,UNASSESSED,,,
0985,Game design,UNTRIAGED,UNASSESSED,,,
0986,Game design,UNTRIAGED,UNASSESSED,,,
0987,Game design,UNTRIAGED,UNASSESSED,,,
0988,Game design,UNTRIAGED,UNASSESSED,,,
0989,Game design,UNTRIAGED,UNASSESSED,,,
0990,Game design,UNTRIAGED,UNASSESSED,,,
0991,Game design,UNTRIAGED,UNASSESSED,,,
0992,Game design,UNTRIAGED,UNASSESSED,,,
0993,Game design,UNTRIAGED,UNASSESSED,,,
0994,Game design,UNTRIAGED,UNASSESSED,,,
0995,Game design,UNTRIAGED,UNASSESSED,,,
0996,Game design,UNTRIAGED,UNASSESSED,,,
0997,Game design,UNTRIAGED,UNASSESSED,,,
0998,Game design,UNTRIAGED,UNASSESSED,,,
0999,Game design,UNTRIAGED,UNASSESSED,,,
1000,Game design,UNTRIAGED,UNASSESSED,,,
